[{"name": "a", "path": "/Users/vadim/Documents/Programming languages/Python/chs gui apps/chs/pic.png"}, {"name": "pic.png", "path": "/Users/vadim/Documents/Programming languages/Python/chs gui apps/chs/pic.png"}, {"name": "tf", "path": "/Users/vadim/Documents/Programming languages/Python/chs gui apps/chs/textfile.txt"}, {"name": "textfile copy.txt", "path": "/Users/vadim/Documents/Programming languages/Python/chs gui apps/chs/textfile copy.txt"}, {"name": "textfile copy.txt", "path": "/Users/vadim/Documents/Programming languages/Python/chs gui apps/chs/textfile copy.txt"}]